municipio_id;ano;total_vitimas_ano
1;2019;3
1;2020;0
1;2021;6
1;2022;1
1;2023;2
1;2024;1
2;2019;0
2;2020;0
2;2021;0
2;2022;0
2;2023;0
2;2024;0
3;2019;4
3;2020;1
3;2021;5
3;2022;1
3;2023;7
3;2024;2
4;2019;0
4;2020;0
4;2021;0
4;2022;0
4;2023;0
4;2024;0
5;2019;2
5;2020;2
5;2021;0
5;2022;0
5;2023;0
5;2024;2
6;2019;2
6;2020;1
6;2021;0
6;2022;3
6;2023;5
6;2024;2
7;2019;0
7;2020;1
7;2021;0
7;2022;0
7;2023;0
7;2024;0
8;2019;0
8;2020;1
8;2021;0
8;2022;2
8;2023;1
8;2024;0
9;2019;0
9;2020;2
9;2021;3
9;2022;0
9;2023;0
9;2024;5
10;2019;4
10;2020;1
10;2021;2
10;2022;0
10;2023;1
10;2024;4
11;2019;0
11;2020;0
11;2021;2
11;2022;4
11;2023;0
11;2024;3
12;2019;0
12;2020;0
12;2021;2
12;2022;2
12;2023;0
12;2024;0
13;2019;7
13;2020;2
13;2021;3
13;2022;2
13;2023;0
13;2024;4
14;2019;1
14;2020;0
14;2021;0
14;2022;2
14;2023;1
14;2024;1
15;2019;0
15;2020;0
15;2021;0
15;2022;0
15;2023;0
15;2024;0
16;2019;0
16;2020;0
16;2021;0
16;2022;0
16;2023;0
16;2024;1
17;2019;124
17;2020;113
17;2021;49
17;2022;63
17;2023;32
17;2024;46
18;2019;15
18;2020;3
18;2021;4
18;2022;5
18;2023;10
18;2024;1
19;2019;9
19;2020;6
19;2021;4
19;2022;2
19;2023;5
19;2024;3
20;2019;0
20;2020;0
20;2021;1
20;2022;0
20;2023;1
20;2024;1
21;2019;1
21;2020;1
21;2021;0
21;2022;0
21;2023;0
21;2024;2
22;2019;0
22;2020;0
22;2021;0
22;2022;0
22;2023;0
22;2024;1
23;2019;2
23;2020;0
23;2021;6
23;2022;1
23;2023;1
23;2024;2
24;2019;4
24;2020;2
24;2021;3
24;2022;0
24;2023;3
24;2024;3
25;2019;0
25;2020;1
25;2021;0
25;2022;0
25;2023;1
25;2024;0
26;2019;0
26;2020;0
26;2021;0
26;2022;0
26;2023;0
26;2024;0
27;2019;0
27;2020;2
27;2021;1
27;2022;1
27;2023;0
27;2024;0
28;2019;1
28;2020;20
28;2021;0
28;2022;0
28;2023;0
28;2024;2
29;2019;0
29;2020;4
29;2021;0
29;2022;1
29;2023;0
29;2024;0
30;2019;0
30;2020;0
30;2021;0
30;2022;0
30;2023;0
30;2024;0
31;2019;0
31;2020;0
31;2021;1
31;2022;0
31;2023;0
31;2024;1
32;2019;2
32;2020;0
32;2021;0
32;2022;0
32;2023;0
32;2024;1
33;2019;97
33;2020;15
33;2021;66
33;2022;56
33;2023;24
33;2024;28
34;2019;0
34;2020;6
34;2021;0
34;2022;2
34;2023;1
34;2024;0
35;2019;0
35;2020;0
35;2021;0
35;2022;1
35;2023;0
35;2024;0
36;2019;4
36;2020;1
36;2021;13
36;2022;6
36;2023;9
36;2024;11
37;2019;0
37;2020;0
37;2021;0
37;2022;0
37;2023;0
37;2024;0
38;2019;0
38;2020;7
38;2021;1
38;2022;0
38;2023;0
38;2024;1
39;2019;12
39;2020;3
39;2021;7
39;2022;6
39;2023;5
39;2024;6
40;2019;0
40;2020;1
40;2021;3
40;2022;0
40;2023;4
40;2024;0
41;2019;22
41;2020;27
41;2021;18
41;2022;18
41;2023;5
41;2024;15
42;2019;4
42;2020;1
42;2021;6
42;2022;4
42;2023;3
42;2024;4
43;2019;0
43;2020;0
43;2021;2
43;2022;0
43;2023;0
43;2024;0
44;2019;0
44;2020;0
44;2021;0
44;2022;0
44;2023;0
44;2024;0
45;2019;0
45;2020;0
45;2021;0
45;2022;0
45;2023;0
45;2024;0
46;2019;0
46;2020;0
46;2021;1
46;2022;0
46;2023;1
46;2024;0
47;2019;2
47;2020;1
47;2021;1
47;2022;1
47;2023;1
47;2024;5
48;2019;0
48;2020;0
48;2021;2
48;2022;0
48;2023;0
48;2024;0
49;2019;0
49;2020;4
49;2021;1
49;2022;0
49;2023;0
49;2024;0
50;2019;7
50;2020;0
50;2021;6
50;2022;4
50;2023;0
50;2024;1
51;2019;2
51;2020;1
51;2021;1
51;2022;3
51;2023;0
51;2024;2
52;2019;2
52;2020;1
52;2021;1
52;2022;2
52;2023;2
52;2024;0
53;2019;0
53;2020;0
53;2021;1
53;2022;0
53;2023;0
53;2024;0
54;2019;7
54;2020;13
54;2021;16
54;2022;19
54;2023;9
54;2024;20
55;2019;0
55;2020;2
55;2021;0
55;2022;0
55;2023;0
55;2024;0
56;2019;1
56;2020;2
56;2021;1
56;2022;2
56;2023;4
56;2024;1
57;2019;2
57;2020;1
57;2021;1
57;2022;0
57;2023;0
57;2024;0
58;2019;29
58;2020;20
58;2021;8
58;2022;17
58;2023;15
58;2024;15
59;2019;24
59;2020;1
59;2021;5
59;2022;2
59;2023;4
59;2024;1
60;2019;0
60;2020;0
60;2021;1
60;2022;0
60;2023;0
60;2024;0
61;2019;0
61;2020;0
61;2021;1
61;2022;2
61;2023;0
61;2024;1
62;2019;1
62;2020;4
62;2021;7
62;2022;4
62;2023;0
62;2024;6
63;2019;0
63;2020;15
63;2021;0
63;2022;0
63;2023;2
63;2024;0
64;2019;2
64;2020;1
64;2021;0
64;2022;0
64;2023;0
64;2024;0
65;2019;0
65;2020;0
65;2021;1
65;2022;0
65;2023;0
65;2024;0
66;2019;0
66;2020;0
66;2021;2
66;2022;1
66;2023;2
66;2024;0
67;2019;0
67;2020;0
67;2021;0
67;2022;0
67;2023;0
67;2024;0
68;2019;0
68;2020;1
68;2021;0
68;2022;0
68;2023;1
68;2024;3
69;2019;2
69;2020;3
69;2021;2
69;2022;1
69;2023;1
69;2024;1
70;2019;1
70;2020;0
70;2021;0
70;2022;0
70;2023;0
70;2024;0
71;2019;46
71;2020;76
71;2021;62
71;2022;45
71;2023;25
71;2024;36
72;2019;7
72;2020;0
72;2021;0
72;2022;5
72;2023;3
72;2024;3
73;2019;0
73;2020;1
73;2021;2
73;2022;0
73;2023;0
73;2024;0
74;2019;1
74;2020;2
74;2021;0
74;2022;4
74;2023;1
74;2024;1
75;2019;0
75;2020;0
75;2021;0
75;2022;0
75;2023;0
75;2024;0
76;2019;0
76;2020;0
76;2021;0
76;2022;0
76;2023;0
76;2024;0
77;2019;10
77;2020;6
77;2021;18
77;2022;14
77;2023;6
77;2024;5
78;2019;3
78;2020;4
78;2021;4
78;2022;1
78;2023;2
78;2024;7
79;2019;7
79;2020;1
79;2021;0
79;2022;1
79;2023;1
79;2024;0
80;2019;27
80;2020;15
80;2021;8
80;2022;7
80;2023;9
80;2024;15
81;2019;2
81;2020;2
81;2021;2
81;2022;0
81;2023;0
81;2024;0
82;2019;5
82;2020;3
82;2021;1
82;2022;2
82;2023;4
82;2024;6
83;2019;0
83;2020;1
83;2021;0
83;2022;1
83;2023;0
83;2024;1
84;2019;6
84;2020;0
84;2021;0
84;2022;4
84;2023;0
84;2024;0
85;2019;4
85;2020;9
85;2021;5
85;2022;6
85;2023;5
85;2024;3
86;2019;1
86;2020;0
86;2021;0
86;2022;1
86;2023;0
86;2024;0
87;2019;8
87;2020;4
87;2021;4
87;2022;4
87;2023;1
87;2024;1
88;2019;0
88;2020;1
88;2021;0
88;2022;0
88;2023;0
88;2024;0
89;2019;0
89;2020;76
89;2021;0
89;2022;0
89;2023;0
89;2024;0
90;2019;0
90;2020;0
90;2021;0
90;2022;0
90;2023;0
90;2024;0
91;2019;103
91;2020;64
91;2021;67
91;2022;68
91;2023;72
91;2024;53
92;2019;2
92;2020;2
92;2021;5
92;2022;0
92;2023;1
92;2024;0
93;2019;1
93;2020;1
93;2021;1
93;2022;0
93;2023;0
93;2024;0
94;2019;0
94;2020;0
94;2021;0
94;2022;0
94;2023;0
94;2024;0
96;2019;6
96;2020;2
96;2021;8
96;2022;10
96;2023;1
96;2024;4
97;2019;0
97;2020;1
97;2021;0
97;2022;0
97;2023;0
97;2024;0
98;2019;10
98;2020;16
98;2021;11
98;2022;4
98;2023;8
98;2024;8
99;2019;2
99;2020;6
99;2021;1
99;2022;0
99;2023;0
99;2024;0
100;2019;2
100;2020;2
100;2021;3
100;2022;6
100;2023;1
100;2024;4
101;2019;14
101;2020;2
101;2021;8
101;2022;16
101;2023;14
101;2024;6
102;2019;3
102;2020;0
102;2021;3
102;2022;11
102;2023;6
102;2024;4
103;2019;9
103;2020;9
103;2021;4
103;2022;2
103;2023;0
103;2024;5
104;2019;1
104;2020;0
104;2021;0
104;2022;0
104;2023;0
104;2024;2
105;2019;0
105;2020;1
105;2021;0
105;2022;0
105;2023;0
105;2024;0
106;2019;3
106;2020;6
106;2021;1
106;2022;6
106;2023;2
106;2024;5
107;2019;3
107;2020;9
107;2021;0
107;2022;2
107;2023;0
107;2024;1
108;2019;4
108;2020;1
108;2021;0
108;2022;0
108;2023;0
108;2024;2
109;2019;1
109;2020;0
109;2021;0
109;2022;0
109;2023;0
109;2024;0
110;2019;0
110;2020;1
110;2021;0
110;2022;2
110;2023;0
110;2024;0
111;2019;0
111;2020;0
111;2021;0
111;2022;1
111;2023;0
111;2024;0
112;2019;0
112;2020;0
112;2021;0
112;2022;0
112;2023;1
112;2024;0
113;2019;0
113;2020;0
113;2021;0
113;2022;0
113;2023;0
113;2024;0
114;2019;0
114;2020;2
114;2021;1
114;2022;0
114;2023;0
114;2024;0
115;2019;2
115;2020;0
115;2021;1
115;2022;0
115;2023;2
115;2024;2
116;2019;2
116;2020;1
116;2021;0
116;2022;0
116;2023;0
116;2024;1
117;2019;24
117;2020;12
117;2021;11
117;2022;3
117;2023;11
117;2024;4
118;2019;3
118;2020;1
118;2021;0
118;2022;0
118;2023;1
118;2024;1
119;2019;0
119;2020;5
119;2021;1
119;2022;0
119;2023;3
119;2024;0
120;2019;0
120;2020;0
120;2021;0
120;2022;0
120;2023;0
120;2024;0
121;2019;1
121;2020;1
121;2021;0
121;2022;0
121;2023;1
121;2024;0
122;2019;0
122;2020;3
122;2021;2
122;2022;1
122;2023;0
122;2024;2
123;2019;0
123;2020;3
123;2021;2
123;2022;0
123;2023;0
123;2024;0
124;2019;1
124;2020;3
124;2021;0
124;2022;0
124;2023;0
124;2024;0
125;2019;2
125;2020;0
125;2021;1
125;2022;0
125;2023;2
125;2024;0
126;2019;0
126;2020;4
126;2021;1
126;2022;0
126;2023;0
126;2024;0
127;2019;0
127;2020;3
127;2021;1
127;2022;1
127;2023;1
127;2024;2
128;2019;0
128;2020;1
128;2021;0
128;2022;2
128;2023;0
128;2024;0
129;2019;15
129;2020;16
129;2021;9
129;2022;15
129;2023;12
129;2024;14
130;2019;0
130;2020;20
130;2021;1
130;2022;0
130;2023;0
130;2024;0
131;2019;0
131;2020;1
131;2021;2
131;2022;0
131;2023;0
131;2024;0
132;2019;0
132;2020;1
132;2021;1
132;2022;0
132;2023;2
132;2024;0
133;2019;0
133;2020;0
133;2021;0
133;2022;0
133;2023;0
133;2024;0
134;2019;0
134;2020;0
134;2021;0
134;2022;0
134;2023;0
134;2024;1
135;2019;0
135;2020;0
135;2021;0
135;2022;0
135;2023;1
135;2024;0
136;2019;11
136;2020;1
136;2021;9
136;2022;9
136;2023;15
136;2024;15
137;2019;0
137;2020;4
137;2021;1
137;2022;3
137;2023;1
137;2024;0
138;2019;0
138;2020;0
138;2021;1
138;2022;0
138;2023;1
138;2024;0
139;2019;0
139;2020;1
139;2021;1
139;2022;3
139;2023;1
139;2024;1
140;2019;1
140;2020;1
140;2021;0
140;2022;0
140;2023;0
140;2024;1
141;2019;1
141;2020;2
141;2021;6
141;2022;0
141;2023;0
141;2024;1
142;2019;5
142;2020;12
142;2021;5
142;2022;19
142;2023;13
142;2024;8
143;2019;4
143;2020;6
143;2021;2
143;2022;1
143;2023;6
143;2024;2
144;2019;0
144;2020;0
144;2021;0
144;2022;0
144;2023;0
144;2024;0
145;2019;0
145;2020;0
145;2021;0
145;2022;0
145;2023;2
145;2024;0
146;2019;0
146;2020;0
146;2021;0
146;2022;0
146;2023;0
146;2024;0
147;2019;0
147;2020;0
147;2021;4
147;2022;2
147;2023;0
147;2024;1
148;2019;2
148;2020;0
148;2021;1
148;2022;0
148;2023;1
148;2024;0
149;2019;4
149;2020;1
149;2021;4
149;2022;5
149;2023;8
149;2024;14
150;2019;11
150;2020;6
150;2021;8
150;2022;13
150;2023;3
150;2024;8
151;2019;5
151;2020;2
151;2021;0
151;2022;4
151;2023;1
151;2024;2
152;2019;6
152;2020;0
152;2021;0
152;2022;0
152;2023;2
152;2024;1
153;2019;0
153;2020;0
153;2021;1
153;2022;0
153;2023;1
153;2024;0
154;2019;0
154;2020;1
154;2021;0
154;2022;1
154;2023;0
154;2024;1
155;2019;0
155;2020;1
155;2021;0
155;2022;0
155;2023;0
155;2024;0
156;2019;0
156;2020;0
156;2021;0
156;2022;0
156;2023;0
156;2024;0
157;2019;0
157;2020;1
157;2021;0
157;2022;0
157;2023;0
157;2024;0
158;2019;38
158;2020;44
158;2021;24
158;2022;29
158;2023;22
158;2024;18
159;2019;0
159;2020;1
159;2021;4
159;2022;2
159;2023;1
159;2024;0
161;2019;0
161;2020;0
161;2021;0
161;2022;0
161;2023;0
161;2024;0
162;2019;0
162;2020;0
162;2021;0
162;2022;0
162;2023;0
162;2024;0
163;2019;2
163;2020;0
163;2021;0
163;2022;1
163;2023;0
163;2024;0
164;2019;3
164;2020;3
164;2021;4
164;2022;0
164;2023;2
164;2024;2
165;2019;0
165;2020;3
165;2021;0
165;2022;0
165;2023;0
165;2024;0
166;2019;0
166;2020;2
166;2021;4
166;2022;0
166;2023;0
166;2024;7
167;2019;1
167;2020;3
167;2021;4
167;2022;9
167;2023;7
167;2024;3
168;2019;3
168;2020;1
168;2021;1
168;2022;3
168;2023;2
168;2024;0
169;2019;0
169;2020;0
169;2021;2
169;2022;2
169;2023;5
169;2024;2
170;2019;27
170;2020;16
170;2021;40
170;2022;28
170;2023;33
170;2024;22
171;2019;4
171;2020;1
171;2021;5
171;2022;3
171;2023;4
171;2024;4
172;2019;8
172;2020;1
172;2021;6
172;2022;5
172;2023;6
172;2024;5
173;2019;19
173;2020;6
173;2021;15
173;2022;11
173;2023;17
173;2024;19
174;2019;46
174;2020;1
174;2021;18
174;2022;15
174;2023;15
174;2024;13
175;2019;1
175;2020;0
175;2021;0
175;2022;0
175;2023;0
175;2024;0
176;2019;1
176;2020;0
176;2021;0
176;2022;0
176;2023;0
176;2024;1
177;2019;2
177;2020;2
177;2021;1
177;2022;2
177;2023;0
177;2024;0
178;2019;0
178;2020;0
178;2021;0
178;2022;0
178;2023;0
178;2024;0
179;2019;0
179;2020;2
179;2021;0
179;2022;4
179;2023;2
179;2024;3
180;2019;0
180;2020;3
180;2021;1
180;2022;0
180;2023;0
180;2024;0
181;2019;7
181;2020;0
181;2021;2
181;2022;7
181;2023;1
181;2024;0
182;2019;1
182;2020;0
182;2021;2
182;2022;1
182;2023;2
182;2024;2
183;2019;0
183;2020;2
183;2021;2
183;2022;4
183;2023;2
183;2024;4
184;2019;0
184;2020;1
184;2021;0
184;2022;0
184;2023;0
184;2024;0
185;2019;0
185;2020;0
185;2021;1
185;2022;0
185;2023;0
185;2024;0
186;2019;0
186;2020;0
186;2021;2
186;2022;2
186;2023;2
186;2024;0
187;2019;101
187;2020;66
187;2021;55
187;2022;57
187;2023;40
187;2024;56
188;2019;0
188;2020;0
188;2021;0
188;2022;0
188;2023;0
188;2024;0
189;2019;4
189;2020;0
189;2021;1
189;2022;2
189;2023;6
189;2024;1
190;2019;0
190;2020;0
190;2021;0
190;2022;8
190;2023;0
190;2024;3
191;2019;11
191;2020;7
191;2021;11
191;2022;21
191;2023;19
191;2024;16
192;2019;3
192;2020;0
192;2021;5
192;2022;1
192;2023;1
192;2024;5
193;2019;0
193;2020;0
193;2021;0
193;2022;0
193;2023;0
193;2024;0
194;2019;7
194;2020;2
194;2021;6
194;2022;5
194;2023;3
194;2024;1
195;2019;1
195;2020;0
195;2021;0
195;2022;1
195;2023;0
195;2024;2
196;2019;4
196;2020;6
196;2021;8
196;2022;3
196;2023;3
196;2024;4
197;2019;27
197;2020;12
197;2021;9
197;2022;3
197;2023;2
197;2024;10
198;2019;4
198;2020;4
198;2021;3
198;2022;1
198;2023;3
198;2024;1
199;2019;3
199;2020;2
199;2021;4
199;2022;1
199;2023;6
199;2024;1
200;2019;3
200;2020;4
200;2021;5
200;2022;16
200;2023;16
200;2024;8
201;2019;0
201;2020;0
201;2021;1
201;2022;0
201;2023;0
201;2024;0
202;2019;0
202;2020;0
202;2021;0
202;2022;0
202;2023;0
202;2024;0
203;2019;0
203;2020;1
203;2021;1
203;2022;0
203;2023;1
203;2024;0
204;2019;0
204;2020;0
204;2021;0
204;2022;0
204;2023;0
204;2024;0
205;2019;2
205;2020;2
205;2021;1
205;2022;0
205;2023;0
205;2024;0
206;2019;2
206;2020;0
206;2021;0
206;2022;1
206;2023;1
206;2024;1
207;2019;6
207;2020;0
207;2021;1
207;2022;0
207;2023;0
207;2024;2
208;2019;0
208;2020;0
208;2021;0
208;2022;0
208;2023;0
208;2024;0
209;2019;2
209;2020;0
209;2021;1
209;2022;3
209;2023;1
209;2024;2
210;2019;10
210;2020;8
210;2021;1
210;2022;8
210;2023;12
210;2024;5
211;2019;0
211;2020;2
211;2021;0
211;2022;0
211;2023;0
211;2024;0
212;2019;12
212;2020;5
212;2021;16
212;2022;6
212;2023;9
212;2024;8
213;2019;0
213;2020;0
213;2021;3
213;2022;0
213;2023;0
213;2024;0
214;2019;23
214;2020;6
214;2021;13
214;2022;22
214;2023;20
214;2024;21
215;2019;0
215;2020;0
215;2021;1
215;2022;1
215;2023;1
215;2024;0
216;2019;49
216;2020;2
216;2021;11
216;2022;17
216;2023;12
216;2024;3
217;2019;1
217;2020;0
217;2021;1
217;2022;1
217;2023;0
217;2024;0
218;2019;0
218;2020;0
218;2021;1
218;2022;0
218;2023;0
218;2024;0
219;2019;0
219;2020;0
219;2021;1
219;2022;6
219;2023;2
219;2024;0
220;2019;0
220;2020;0
220;2021;1
220;2022;0
220;2023;0
220;2024;0
221;2019;0
221;2020;1
221;2021;0
221;2022;0
221;2023;0
221;2024;0
222;2019;0
222;2020;5
222;2021;0
222;2022;0
222;2023;0
222;2024;0
223;2019;0
223;2020;1
223;2021;0
223;2022;0
223;2023;0
223;2024;1
224;2019;10
224;2020;6
224;2021;5
224;2022;10
224;2023;15
224;2024;3
225;2019;0
225;2020;0
225;2021;0
225;2022;0
225;2023;0
225;2024;0
226;2019;2
226;2020;6
226;2021;2
226;2022;7
226;2023;5
226;2024;2
227;2019;0
227;2020;0
227;2021;2
227;2022;1
227;2023;2
227;2024;2
228;2019;10
228;2020;5
228;2021;13
228;2022;12
228;2023;12
228;2024;8
229;2019;0
229;2020;1
229;2021;0
229;2022;2
229;2023;0
229;2024;0
230;2019;0
230;2020;0
230;2021;1
230;2022;0
230;2023;0
230;2024;1
231;2019;0
231;2020;0
231;2021;1
231;2022;2
231;2023;0
231;2024;1
232;2019;0
232;2020;1
232;2021;1
232;2022;1
232;2023;0
232;2024;0
233;2019;7
233;2020;4
233;2021;2
233;2022;2
233;2023;2
233;2024;6
234;2019;4
234;2020;2
234;2021;2
234;2022;3
234;2023;2
234;2024;1
235;2019;24
235;2020;36
235;2021;23
235;2022;23
235;2023;46
235;2024;28
236;2019;1
236;2020;0
236;2021;0
236;2022;0
236;2023;0
236;2024;0
237;2019;1
237;2020;2
237;2021;0
237;2022;0
237;2023;0
237;2024;0
238;2019;21
238;2020;7
238;2021;9
238;2022;15
238;2023;37
238;2024;25
239;2019;8
239;2020;6
239;2021;6
239;2022;1
239;2023;5
239;2024;2
240;2019;16
240;2020;6
240;2021;9
240;2022;8
240;2023;4
240;2024;15
241;2019;5
241;2020;3
241;2021;1
241;2022;1
241;2023;3
241;2024;5
242;2019;1
242;2020;0
242;2021;4
242;2022;0
242;2023;0
242;2024;0
243;2019;0
243;2020;0
243;2021;0
243;2022;0
243;2023;0
243;2024;0
244;2019;0
244;2020;0
244;2021;0
244;2022;0
244;2023;2
244;2024;0
245;2019;0
245;2020;0
245;2021;0
245;2022;0
245;2023;1
245;2024;3
246;2019;2
246;2020;3
246;2021;2
246;2022;1
246;2023;2
246;2024;0
247;2019;4
247;2020;119
247;2021;3
247;2022;2
247;2023;0
247;2024;0
248;2019;0
248;2020;1
248;2021;0
248;2022;0
248;2023;0
248;2024;0
249;2019;1
249;2020;8
249;2021;0
249;2022;2
249;2023;0
249;2024;0
250;2019;1
250;2020;2
250;2021;0
250;2022;1
250;2023;0
250;2024;0
251;2019;4
251;2020;0
251;2021;2
251;2022;9
251;2023;0
251;2024;0
252;2019;0
252;2020;3
252;2021;0
252;2022;0
252;2023;0
252;2024;0
253;2019;2
253;2020;2
253;2021;3
253;2022;3
253;2023;0
253;2024;6
254;2019;0
254;2020;3
254;2021;0
254;2022;0
254;2023;0
254;2024;3
255;2019;0
255;2020;0
255;2021;0
255;2022;0
255;2023;1
255;2024;0
256;2019;3
256;2020;1
256;2021;0
256;2022;0
256;2023;0
256;2024;2
257;2019;0
257;2020;0
257;2021;2
257;2022;0
257;2023;4
257;2024;0
258;2019;0
258;2020;0
258;2021;0
258;2022;0
258;2023;0
258;2024;0
259;2019;111
259;2020;82
259;2021;55
259;2022;83
259;2023;73
259;2024;75
260;2019;6
260;2020;5
260;2021;0
260;2022;0
260;2023;0
260;2024;2
261;2019;0
261;2020;1
261;2021;0
261;2022;0
261;2023;0
261;2024;2
262;2019;0
262;2020;0
262;2021;1
262;2022;0
262;2023;2
262;2024;1
263;2019;0
263;2020;0
263;2021;4
263;2022;0
263;2023;0
263;2024;1
264;2019;5
264;2020;3
264;2021;3
264;2022;2
264;2023;2
264;2024;1
265;2019;0
265;2020;8
265;2021;7
265;2022;2
265;2023;3
265;2024;5
266;2019;0
266;2020;0
266;2021;0
266;2022;1
266;2023;0
266;2024;0
267;2019;11
267;2020;2
267;2021;5
267;2022;3
267;2023;9
267;2024;5
268;2019;3
268;2020;0
268;2021;1
268;2022;0
268;2023;0
268;2024;0
269;2019;5
269;2020;1
269;2021;1
269;2022;1
269;2023;1
269;2024;0
270;2019;118
270;2020;34
270;2021;72
270;2022;37
270;2023;54
270;2024;45
271;2019;7
271;2020;3
271;2021;2
271;2022;1
271;2023;0
271;2024;0
272;2019;1
272;2020;0
272;2021;3
272;2022;0
272;2023;0
272;2024;1
273;2019;0
273;2020;1
273;2021;5
273;2022;1
273;2023;1
273;2024;0
274;2019;3
274;2020;1
274;2021;3
274;2022;4
274;2023;2
274;2024;3
275;2019;17
275;2020;10
275;2021;18
275;2022;12
275;2023;8
275;2024;10
276;2019;0
276;2020;0
276;2021;1
276;2022;0
276;2023;4
276;2024;0
277;2019;0
277;2020;1
277;2021;0
277;2022;0
277;2023;0
277;2024;0
278;2019;4
278;2020;4
278;2021;6
278;2022;5
278;2023;2
278;2024;2
279;2019;0
279;2020;0
279;2021;0
279;2022;0
279;2023;0
279;2024;4
280;2019;0
280;2020;0
280;2021;0
280;2022;0
280;2023;0
280;2024;0
281;2019;1
281;2020;5
281;2021;1
281;2022;3
281;2023;2
281;2024;1
282;2019;0
282;2020;0
282;2021;0
282;2022;1
282;2023;1
282;2024;2
283;2019;27
283;2020;38
283;2021;17
283;2022;22
283;2023;30
283;2024;59
284;2019;4
284;2020;13
284;2021;12
284;2022;6
284;2023;5
284;2024;0
285;2019;0
285;2020;2
285;2021;0
285;2022;0
285;2023;0
285;2024;0
286;2019;0
286;2020;0
286;2021;1
286;2022;1
286;2023;0
286;2024;0
287;2019;0
287;2020;0
287;2021;1
287;2022;0
287;2023;0
287;2024;0
288;2019;0
288;2020;0
288;2021;0
288;2022;0
288;2023;0
288;2024;0
289;2019;3
289;2020;6
289;2021;3
289;2022;6
289;2023;2
289;2024;7
290;2019;0
290;2020;0
290;2021;0
290;2022;0
290;2023;0
290;2024;0
291;2019;0
291;2020;0
291;2021;0
291;2022;0
291;2023;0
291;2024;0
292;2019;56
292;2020;29
292;2021;45
292;2022;25
292;2023;19
292;2024;35
293;2019;12
293;2020;15
293;2021;6
293;2022;6
293;2023;3
293;2024;3
294;2019;0
294;2020;0
294;2021;1
294;2022;2
294;2023;1
294;2024;0
295;2019;0
295;2020;0
295;2021;0
295;2022;2
295;2023;0
295;2024;0
296;2019;1
296;2020;1
296;2021;1
296;2022;0
296;2023;0
296;2024;0
297;2019;12
297;2020;11
297;2021;13
297;2022;19
297;2023;9
297;2024;16
298;2019;0
298;2020;3
298;2021;0
298;2022;0
298;2023;0
298;2024;0
299;2019;0
299;2020;0
299;2021;3
299;2022;6
299;2023;4
299;2024;5
300;2019;0
300;2020;15
300;2021;0
300;2022;0
300;2023;0
300;2024;0
301;2019;2
301;2020;7
301;2021;9
301;2022;3
301;2023;8
301;2024;2
302;2019;0
302;2020;10
302;2021;0
302;2022;0
302;2023;0
302;2024;0
303;2019;1
303;2020;0
303;2021;3
303;2022;0
303;2023;0
303;2024;0
304;2019;0
304;2020;0
304;2021;0
304;2022;0
304;2023;0
304;2024;0
305;2019;2
305;2020;0
305;2021;2
305;2022;2
305;2023;0
305;2024;0
306;2019;7
306;2020;1
306;2021;2
306;2022;0
306;2023;2
306;2024;4
307;2019;11
307;2020;13
307;2021;8
307;2022;13
307;2023;15
307;2024;7
308;2019;1
308;2020;1
308;2021;0
308;2022;0
308;2023;2
308;2024;0
309;2019;0
309;2020;1
309;2021;0
309;2022;0
309;2023;0
309;2024;1
310;2019;0
310;2020;8
310;2021;0
310;2022;0
310;2023;0
310;2024;0
311;2019;0
311;2020;0
311;2021;0
311;2022;0
311;2023;0
311;2024;0
312;2019;15
312;2020;29
312;2021;23
312;2022;31
312;2023;23
312;2024;16
313;2019;1
313;2020;4
313;2021;7
313;2022;1
313;2023;4
313;2024;2
314;2019;1
314;2020;1
314;2021;3
314;2022;1
314;2023;1
314;2024;2
315;2019;0
315;2020;0
315;2021;0
315;2022;0
315;2023;0
315;2024;0
316;2019;0
316;2020;0
316;2021;2
316;2022;2
316;2023;0
316;2024;0
317;2019;0
317;2020;0
317;2021;0
317;2022;0
317;2023;0
317;2024;0
318;2019;2
318;2020;7
318;2021;7
318;2022;1
318;2023;2
318;2024;3
319;2019;1
319;2020;0
319;2021;1
319;2022;0
319;2023;0
319;2024;0
320;2019;0
320;2020;0
320;2021;0
320;2022;0
320;2023;0
320;2024;2
321;2019;0
321;2020;0
321;2021;0
321;2022;1
321;2023;0
321;2024;0
322;2019;2
322;2020;0
322;2021;3
322;2022;0
322;2023;2
322;2024;0
323;2019;5
323;2020;8
323;2021;2
323;2022;1
323;2023;0
323;2024;2
324;2019;3
324;2020;2
324;2021;0
324;2022;2
324;2023;0
324;2024;4
325;2019;1
325;2020;1
325;2021;3
325;2022;2
325;2023;1
325;2024;1
326;2019;0
326;2020;1
326;2021;0
326;2022;0
326;2023;0
326;2024;1
327;2019;0
327;2020;2
327;2021;0
327;2022;0
327;2023;0
327;2024;0
328;2019;1
328;2020;0
328;2021;1
328;2022;2
328;2023;0
328;2024;1
329;2019;1
329;2020;4
329;2021;2
329;2022;14
329;2023;2
329;2024;1
330;2019;1
330;2020;1
330;2021;10
330;2022;4
330;2023;1
330;2024;3
331;2019;0
331;2020;0
331;2021;0
331;2022;0
331;2023;0
331;2024;0
332;2019;0
332;2020;0
332;2021;0
332;2022;0
332;2023;0
332;2024;0
333;2019;2
333;2020;0
333;2021;0
333;2022;2
333;2023;0
333;2024;0
334;2019;0
334;2020;4
334;2021;0
334;2022;0
334;2023;1
334;2024;0
335;2019;0
335;2020;1
335;2021;0
335;2022;1
335;2023;0
335;2024;2
336;2019;11
336;2020;5
336;2021;15
336;2022;11
336;2023;8
336;2024;3
337;2019;33
337;2020;25
337;2021;21
337;2022;12
337;2023;20
337;2024;21
338;2019;2
338;2020;0
338;2021;2
338;2022;0
338;2023;4
338;2024;0
339;2019;7
339;2020;2
339;2021;3
339;2022;4
339;2023;1
339;2024;4
340;2019;11
340;2020;7
340;2021;1
340;2022;10
340;2023;5
340;2024;1
341;2019;0
341;2020;0
341;2021;2
341;2022;2
341;2023;1
341;2024;0
342;2019;7
342;2020;11
342;2021;6
342;2022;7
342;2023;2
342;2024;3
343;2019;5
343;2020;3
343;2021;4
343;2022;0
343;2023;3
343;2024;0
344;2019;8
344;2020;1
344;2021;2
344;2022;5
344;2023;4
344;2024;5
345;2019;1
345;2020;2
345;2021;2
345;2022;0
345;2023;0
345;2024;0
346;2019;7
346;2020;19
346;2021;5
346;2022;12
346;2023;7
346;2024;10
347;2019;0
347;2020;0
347;2021;2
347;2022;4
347;2023;0
347;2024;0
348;2019;4
348;2020;1
348;2021;3
348;2022;7
348;2023;2
348;2024;4
349;2019;539
349;2020;175
349;2021;388
349;2022;434
349;2023;373
349;2024;279
350;2019;4
350;2020;3
350;2021;5
350;2022;1
350;2023;1
350;2024;0
351;2019;0
351;2020;0
351;2021;0
351;2022;1
351;2023;0
351;2024;2
352;2019;0
352;2020;0
352;2021;1
352;2022;1
352;2023;0
352;2024;0
353;2019;5
353;2020;7
353;2021;20
353;2022;7
353;2023;8
353;2024;10
354;2019;139
354;2020;132
354;2021;109
354;2022;117
354;2023;132
354;2024;106
355;2019;0
355;2020;0
355;2021;2
355;2022;0
355;2023;0
355;2024;0
356;2019;1
356;2020;1
356;2021;3
356;2022;4
356;2023;0
356;2024;1
357;2019;8
357;2020;19
357;2021;5
357;2022;9
357;2023;11
357;2024;4
358;2019;0
358;2020;1
358;2021;0
358;2022;0
358;2023;0
358;2024;1
359;2019;0
359;2020;0
359;2021;0
359;2022;0
359;2023;0
359;2024;0
360;2019;7
360;2020;2
360;2021;6
360;2022;1
360;2023;4
360;2024;1
361;2019;0
361;2020;0
361;2021;1
361;2022;0
361;2023;0
361;2024;0
362;2019;9
362;2020;4
362;2021;7
362;2022;5
362;2023;3
362;2024;7
363;2019;19
363;2020;5
363;2021;14
363;2022;10
363;2023;14
363;2024;12
364;2019;0
364;2020;1
364;2021;2
364;2022;1
364;2023;0
364;2024;3
365;2019;1
365;2020;0
365;2021;1
365;2022;0
365;2023;0
365;2024;4
366;2019;1
366;2020;2
366;2021;0
366;2022;1
366;2023;3
366;2024;2
367;2019;0
367;2020;0
367;2021;1
367;2022;0
367;2023;0
367;2024;0
368;2019;0
368;2020;1
368;2021;0
368;2022;0
368;2023;0
368;2024;1
369;2019;2
369;2020;1
369;2021;0
369;2022;0
369;2023;1
369;2024;0
370;2019;0
370;2020;0
370;2021;0
370;2022;0
370;2023;0
370;2024;0
371;2019;1
371;2020;1
371;2021;1
371;2022;0
371;2023;1
371;2024;0
372;2019;0
372;2020;1
372;2021;3
372;2022;0
372;2023;1
372;2024;0
373;2019;7
373;2020;29
373;2021;1
373;2022;3
373;2023;6
373;2024;9
374;2019;12
374;2020;2
374;2021;4
374;2022;8
374;2023;15
374;2024;5
375;2019;3
375;2020;2
375;2021;4
375;2022;0
375;2023;7
375;2024;0
376;2019;1
376;2020;2
376;2021;2
376;2022;0
376;2023;2
376;2024;4
377;2019;9
377;2020;11
377;2021;9
377;2022;17
377;2023;5
377;2024;12
378;2019;0
378;2020;0
378;2021;0
378;2022;0
378;2023;0
378;2024;1
379;2019;3
379;2020;0
379;2021;0
379;2022;1
379;2023;0
379;2024;0
380;2019;0
380;2020;0
380;2021;0
380;2022;0
380;2023;0
380;2024;0
381;2019;1
381;2020;0
381;2021;0
381;2022;0
381;2023;0
381;2024;0
382;2019;0
382;2020;3
382;2021;0
382;2022;0
382;2023;0
382;2024;0
383;2019;3
383;2020;1
383;2021;1
383;2022;4
383;2023;4
383;2024;0
384;2019;1
384;2020;1
384;2021;5
384;2022;2
384;2023;2
384;2024;2
385;2019;0
385;2020;0
385;2021;0
385;2022;0
385;2023;0
385;2024;0
386;2019;0
386;2020;1
386;2021;0
386;2022;2
386;2023;0
386;2024;0
387;2019;4
387;2020;4
387;2021;0
387;2022;2
387;2023;2
387;2024;1
388;2019;1
388;2020;0
388;2021;6
388;2022;1
388;2023;0
388;2024;0
389;2019;63
389;2020;16
389;2021;31
389;2022;24
389;2023;27
389;2024;20
390;2019;0
390;2020;0
390;2021;1
390;2022;0
390;2023;0
390;2024;2
391;2019;1
391;2020;0
391;2021;4
391;2022;3
391;2023;3
391;2024;5
392;2019;0
392;2020;3
392;2021;1
392;2022;5
392;2023;6
392;2024;0
393;2019;0
393;2020;4
393;2021;0
393;2022;0
393;2023;0
393;2024;0
394;2019;4
394;2020;19
394;2021;6
394;2022;3
394;2023;5
394;2024;3
395;2019;1
395;2020;1
395;2021;0
395;2022;0
395;2023;0
395;2024;0
396;2019;0
396;2020;0
396;2021;0
396;2022;0
396;2023;1
396;2024;3
397;2019;10
397;2020;20
397;2021;10
397;2022;6
397;2023;5
397;2024;4
398;2019;5
398;2020;2
398;2021;0
398;2022;5
398;2023;3
398;2024;0
399;2019;0
399;2020;1
399;2021;0
399;2022;1
399;2023;0
399;2024;0
400;2019;0
400;2020;2
400;2021;0
400;2022;0
400;2023;0
400;2024;0
401;2019;1
401;2020;3
401;2021;2
401;2022;0
401;2023;1
401;2024;0
402;2019;5
402;2020;1
402;2021;6
402;2022;7
402;2023;2
402;2024;1
403;2019;4
403;2020;1
403;2021;3
403;2022;1
403;2023;3
403;2024;5
404;2019;1
404;2020;1
404;2021;3
404;2022;0
404;2023;0
404;2024;0
405;2019;0
405;2020;0
405;2021;2
405;2022;3
405;2023;0
405;2024;1
406;2019;0
406;2020;0
406;2021;1
406;2022;0
406;2023;1
406;2024;0
407;2019;7
407;2020;6
407;2021;8
407;2022;9
407;2023;14
407;2024;5
408;2019;0
408;2020;7
408;2021;0
408;2022;0
408;2023;0
408;2024;0
409;2019;20
409;2020;9
409;2021;27
409;2022;12
409;2023;15
409;2024;8
410;2019;36
410;2020;17
410;2021;24
410;2022;4
410;2023;13
410;2024;4
411;2019;13
411;2020;2
411;2021;1
411;2022;3
411;2023;6
411;2024;7
412;2019;5
412;2020;6
412;2021;6
412;2022;6
412;2023;2
412;2024;2
413;2019;184
413;2020;25
413;2021;140
413;2022;162
413;2023;122
413;2024;144
414;2019;0
414;2020;70
414;2021;0
414;2022;3
414;2023;1
414;2024;6
415;2019;4
415;2020;1
415;2021;5
415;2022;3
415;2023;1
415;2024;0
416;2019;0
416;2020;16
416;2021;0
416;2022;1
416;2023;0
416;2024;0
417;2019;38
417;2020;14
417;2021;18
417;2022;25
417;2023;20
417;2024;23
418;2019;0
418;2020;0
418;2021;0
418;2022;0
418;2023;0
418;2024;2
419;2019;5
419;2020;10
419;2021;1
419;2022;9
419;2023;2
419;2024;5
420;2019;0
420;2020;0
420;2021;0
420;2022;1
420;2023;2
420;2024;0
421;2019;0
421;2020;5
421;2021;1
421;2022;0
421;2023;0
421;2024;1
422;2019;1
422;2020;1
422;2021;0
422;2022;0
422;2023;0
422;2024;0
423;2019;9
423;2020;66
423;2021;4
423;2022;4
423;2023;6
423;2024;6
424;2019;3
424;2020;1
424;2021;2
424;2022;1
424;2023;0
424;2024;1
425;2019;11
425;2020;3
425;2021;1
425;2022;10
425;2023;6
425;2024;6
426;2019;0
426;2020;3
426;2021;0
426;2022;1
426;2023;0
426;2024;2
427;2019;18
427;2020;11
427;2021;16
427;2022;20
427;2023;14
427;2024;21
428;2019;0
428;2020;0
428;2021;0
428;2022;0
428;2023;0
428;2024;0
429;2019;0
429;2020;0
429;2021;1
429;2022;0
429;2023;0
429;2024;0
430;2019;0
430;2020;1
430;2021;0
430;2022;0
430;2023;0
430;2024;0
431;2019;9
431;2020;17
431;2021;11
431;2022;18
431;2023;29
431;2024;11
432;2019;1
432;2020;0
432;2021;1
432;2022;2
432;2023;6
432;2024;2
433;2019;4
433;2020;3
433;2021;6
433;2022;4
433;2023;16
433;2024;14
434;2019;0
434;2020;283
434;2021;0
434;2022;0
434;2023;0
434;2024;4
435;2019;3
435;2020;1
435;2021;2
435;2022;1
435;2023;0
435;2024;0
436;2019;21
436;2020;7
436;2021;10
436;2022;18
436;2023;10
436;2024;13
437;2019;0
437;2020;0
437;2021;0
437;2022;0
437;2023;0
437;2024;0
438;2019;15
438;2020;12
438;2021;12
438;2022;8
438;2023;8
438;2024;6
439;2019;0
439;2020;1
439;2021;0
439;2022;0
439;2023;1
439;2024;1
440;2019;1
440;2020;2
440;2021;1
440;2022;1
440;2023;0
440;2024;3
441;2019;0
441;2020;0
441;2021;0
441;2022;0
441;2023;0
441;2024;0
442;2019;0
442;2020;3
442;2021;0
442;2022;0
442;2023;0
442;2024;0
443;2019;6
443;2020;2
443;2021;6
443;2022;3
443;2023;1
443;2024;2
444;2019;38
444;2020;24
444;2021;9
444;2022;6
444;2023;12
444;2024;17
445;2019;1
445;2020;3
445;2021;1
445;2022;0
445;2023;0
445;2024;1
446;2019;0
446;2020;0
446;2021;0
446;2022;0
446;2023;1
446;2024;0
447;2019;0
447;2020;2
447;2021;0
447;2022;0
447;2023;0
447;2024;0
448;2019;0
448;2020;2
448;2021;0
448;2022;0
448;2023;0
448;2024;0
449;2019;1
449;2020;1
449;2021;0
449;2022;0
449;2023;0
449;2024;0
450;2019;0
450;2020;0
450;2021;0
450;2022;0
450;2023;1
450;2024;1
451;2019;0
451;2020;0
451;2021;1
451;2022;0
451;2023;0
451;2024;2
452;2019;2
452;2020;0
452;2021;1
452;2022;1
452;2023;0
452;2024;1
453;2019;0
453;2020;0
453;2021;0
453;2022;1
453;2023;0
453;2024;0
454;2019;0
454;2020;1
454;2021;1
454;2022;1
454;2023;4
454;2024;8
455;2019;0
455;2020;0
455;2021;1
455;2022;2
455;2023;0
455;2024;0
456;2019;1
456;2020;1
456;2021;3
456;2022;0
456;2023;5
456;2024;2
457;2019;1
457;2020;1
457;2021;2
457;2022;3
457;2023;1
457;2024;8
458;2019;1
458;2020;0
458;2021;2
458;2022;1
458;2023;1
458;2024;1
459;2019;0
459;2020;0
459;2021;0
459;2022;5
459;2023;2
459;2024;0
460;2019;85
460;2020;13
460;2021;65
460;2022;116
460;2023;79
460;2024;79
461;2019;0
461;2020;6
461;2021;2
461;2022;1
461;2023;7
461;2024;4
462;2019;1
462;2020;5
462;2021;14
462;2022;8
462;2023;3
462;2024;12
463;2019;37
463;2020;6
463;2021;28
463;2022;18
463;2023;37
463;2024;31
464;2019;16
464;2020;14
464;2021;27
464;2022;29
464;2023;33
464;2024;27
465;2019;1
465;2020;0
465;2021;2
465;2022;1
465;2023;1
465;2024;1
466;2019;1
466;2020;2
466;2021;1
466;2022;2
466;2023;3
466;2024;1
467;2019;0
467;2020;0
467;2021;1
467;2022;1
467;2023;2
467;2024;2
468;2019;0
468;2020;2
468;2021;1
468;2022;0
468;2023;0
468;2024;1
469;2019;0
469;2020;1
469;2021;3
469;2022;7
469;2023;1
469;2024;1
470;2019;122
470;2020;65
470;2021;47
470;2022;65
470;2023;51
470;2024;47
471;2019;0
471;2020;0
471;2021;1
471;2022;0
471;2023;0
471;2024;0
472;2019;0
472;2020;0
472;2021;0
472;2022;0
472;2023;0
472;2024;0
473;2019;19
473;2020;23
473;2021;25
473;2022;31
473;2023;28
473;2024;17
474;2019;0
474;2020;2
474;2021;0
474;2022;0
474;2023;2
474;2024;2
475;2019;2
475;2020;9
475;2021;8
475;2022;6
475;2023;5
475;2024;5
476;2019;0
476;2020;2
476;2021;1
476;2022;1
476;2023;1
476;2024;0
477;2019;2
477;2020;8
477;2021;0
477;2022;1
477;2023;3
477;2024;0
478;2019;0
478;2020;0
478;2021;0
478;2022;0
478;2023;0
478;2024;0
479;2019;1
479;2020;0
479;2021;4
479;2022;2
479;2023;4
479;2024;0
480;2019;0
480;2020;0
480;2021;1
480;2022;0
480;2023;3
480;2024;1
481;2019;0
481;2020;0
481;2021;0
481;2022;0
481;2023;1
481;2024;0
482;2019;0
482;2020;0
482;2021;3
482;2022;0
482;2023;0
482;2024;3
483;2019;3
483;2020;0
483;2021;0
483;2022;0
483;2023;1
483;2024;0
484;2019;7
484;2020;16
484;2021;9
484;2022;17
484;2023;8
484;2024;7
485;2019;0
485;2020;0
485;2021;1
485;2022;0
485;2023;0
485;2024;0
486;2019;2
486;2020;23
486;2021;0
486;2022;0
486;2023;0
486;2024;0
487;2019;5
487;2020;3
487;2021;3
487;2022;3
487;2023;4
487;2024;2
488;2019;2
488;2020;0
488;2021;0
488;2022;0
488;2023;0
488;2024;2
489;2019;13
489;2020;12
489;2021;19
489;2022;13
489;2023;14
489;2024;15
490;2019;1
490;2020;0
490;2021;0
490;2022;0
490;2023;0
490;2024;0
491;2019;0
491;2020;0
491;2021;0
491;2022;0
491;2023;0
491;2024;0
492;2019;3
492;2020;1
492;2021;0
492;2022;4
492;2023;0
492;2024;3
493;2019;0
493;2020;0
493;2021;0
493;2022;0
493;2023;0
493;2024;1
494;2019;0
494;2020;0
494;2021;2
494;2022;0
494;2023;0
494;2024;0
495;2019;0
495;2020;0
495;2021;1
495;2022;2
495;2023;0
495;2024;0
496;2019;0
496;2020;6
496;2021;7
496;2022;0
496;2023;5
496;2024;0
497;2019;56
497;2020;15
497;2021;54
497;2022;66
497;2023;34
497;2024;25
498;2019;0
498;2020;1
498;2021;0
498;2022;3
498;2023;0
498;2024;0
499;2019;0
499;2020;3
499;2021;0
499;2022;0
499;2023;0
499;2024;1
500;2019;0
500;2020;0
500;2021;0
500;2022;0
500;2023;0
500;2024;2
